{
  "title": "Stores",
  "slug": "/stores",
  "alabamaresources": [
    {
      "title": "Gamers N Geeks - Mobile, Alabama, USA (EN)",
      "url": "https://www.facebook.com/GamersNGeeks/"
    }
  ],
  "californiaresources": [
   {
      "title": "Game Kastle - Sacramento - Sacramento, California, USA (EN)",
      "url": "https://gamekastle.com/stores/sacramento/"
    },
     {
      "title": "Great Escape Games - Sacramento, California, USA (EN)",
      "url": "https://www.greatescapegames.com/"
    },
     {
      "title": "Game Kastle - Fremont - Fremont, California, USA (EN)",
      "url": "https://gamekastle.com/stores/fremont/"
    },
     {
      "title": "Game Kastle - Redwood City - Redwood City, California, USA (EN)",
      "url": "https://gamekastle.com/stores/redwoodcity/"
    },
     {
      "title": "Game Kastle - Santa Clara - Santa Clara, California, USA (EN)",
      "url": "https://gamekastle.com/stores/santaclara/"
    },
       {
      "title": "At Ease Games - San Diego, California, USA (EN)",
      "url": "https://www.facebook.com/ateasegames"
    },
       {
      "title": "Brookhurst Hobbies - Garden Grove, California, USA (EN)",
      "url": "https://brookhursthobbies.com/"
    },
       {
      "title": "Gameology - Upland, California, USA (EN)",
      "url": "https://gameologygames.com/"
    },
       {
      "title": "Lost Planet Games - Torrance, California, USA (EN)",
      "url": "https://www.facebook.com/LostPlanetGames/"
    },
         {
      "title": "Gameology - Pasadena, California, USA (EN)",
      "url": "https://gameologygames.com/"
    }
  ],
  "connecticutresources": [
    {
      "title": "The Portal - Manchester, Connecticut, USA (EN)",
      "url": "https://www.facebook.com/TimeMachinePortal"
    }
  ],
  "floridaresources": [
    {
      "title": "Bearded Browncoat Comics and Games - Ocala, Florida, USA (EN)",
      "url": "http://browncoatcomicsandgames.com/"
    },
        {
      "title": "Humble Hero Games - New Port Richey, Florida, USA (EN)",
      "url": "https://www.humbleherogames.com/"
    },
        {
      "title": "Johnny B's Comics and Cards - Lakeland, Florida, USA (EN)",
      "url": "https://www.johnnybcardsandcomics.com/"
    },
        {
      "title": "Gods and Monsters - Orlando, Florida, USA (EN)",
      "url": "https://www.godmonsters.com/"
    }
  ],
  "georgiaresources": [
    {
      "title": "HobbyTown United States - Kennesaw, Georgia, USA (EN)",
      "url": "https://www.hobbytown.com/kennesaw-ga/l111"
    },
    {
      "title": "Giga-Bites Tabletop Cafe - Marietta, Georgia, USA (EN)",
      "url": "https://giga-bitescafe.com/"
    },
    {
      "title": "Quest Comic Shop - Carrollton, Georgia, USA (EN)",
      "url": "http://www.questcomicshop.com/"
    }
  ],
  "hawaiiresources": [
 {
      "title": "The Armchair Adventurer - Honolulu, Hawaii, USA (EN)",
      "url": "http://the-armchair-adventurer.com/"
    }
  ],
  "illinoisresources": [
    {
      "title": "Tyton Games - Charles, Illinois, USA (EN)",
      "url": "http://www.tytongames.com"
    },
    {
      "title": "Otherside Games - Edwardsville, Illinois, USA (EN)",
      "url": "https://www.facebook.com/othersidegameshq/"
    }
  ],
  "indianaresources": [
    {
      "title": "Tier 1 Games - Lafayette, Indiana, USA (EN) ",
      "url": "https://www.facebook.com/Tier1GamesLafayette/"
    }
  ],
  "iowaresources": [
    {
      "title": "The Hobby Corner - Iowa City, Iowa, USA (EN)",
      "url": "https://www.hobbycorner.net/"
    },
    {
      "title": "Geekified - Vinton, Iowa, USA (EN)",
      "url": "https://www.geekified.us/"
    }
  ],
  "kentuckyresources": [
    {
      "title": "Heroes Comics and Gaming - Louisville, Kentucky, USA (EN)",
      "url": "http://www.heroescg.com/"
    },
    {
      "title": "Hard Knox Games - Elizabethtown, Kentucky, USA (EN)",
      "url": "https://hardknoxgames.com/"
    }
  ],
  "marylandresources": [
    {
      "title": "Chuck's Comics - Baltimore, Maryland, USA (EN)",
      "url": "http://www.chuckscomics.com/index.shtm"
    }
  ],
  "michiganresources": [
    {
      "title": "The Gaming Cantina - Charlotte, Michigan, USA (EN)",
      "url": "http://www.thegamingcantina.com/"
    },
    {
      "title": "Golden Rhino Games - Ypsilanti, Michigan, USA (EN)",
      "url": "http://goldenrhinogames.com/"
    }
  ],
  "minnesotaresources": [
    {
      "title": "Red Dragon Gaming - New Ulm, Minnesota, USA (EN)",
      "url": "https://www.facebook.com/RedDragonGameStore/"
    }
  ],
  "missouriresources": [
    {
      "title": "Level One Game Shop - Kansas City, Missouri, USA (EN)",
      "url": "https://levelonegameshop.com/"
    }
  ],
  "montanaresources": [
    {
      "title": "King of Games - Miles City, Montana, USA (EN)",
      "url": "https://www.facebook.com/kingofgamesMC/"
    },
    {
      "title": "White Knight Games & Hobbies - Helena, Montana, USA (EN)",
      "url": "https://whiteknightgameshobbies.business.site/"
    }
  ],
  "nevadaresources": [
   {
      "title": "Game Kastle - Reno - Reno, Nevada, USA (EN)",
      "url": "https://www.gamekastle.com/stores/reno/"
    }
  ],
  "newhampshireresources": [
    {
      "title": "The Relentless Dragon - Nashua, New Hampshire, USA (EN)",
      "url": "https://relentlessdragon.com/"
    },
    {
      "title": "The Relentless Dragon - Londonderry, New Hampshire, USA (EN)",
      "url": "https://relentlessdragon.com/"
    },
    {
      "title": "Midgard Comics and Games - Derry, New Hampshire, USA (EN)",
      "url": "https://www.midgardhobbiesandgames.com/"
    }
  ],
  "newjerseyresources": [
    {
      "title": "Greg's Games - Hamilton, New Jersey, USA (EN)",
      "url": "https://www.gregsgames.com/"
    },
    {
      "title": "Jersey's Cards and Comics - Yorktown, Virginia, USA (EN)",
      "url": "https://jerseyscc.com/"
    }
  ],
  "newmexicoresources": [
    {
      "title": "Rocket City Gaming Lounge - Alamogordo, New Mexico, USA (EN)",
      "url": "https://www.facebook.com/RocketCityGL"
    }
  ],
  "northdakotaresources": [
    {
      "title": "Little Big Wars - Fargo, North Daktota, USA (EN)",
      "url": "https://littlebigwars.com/"
    }
  ],
  "ohioresources": [
    {
      "title": "Flying Monkey Games - Delaware, Ohio, USA (EN)",
      "url": "https://www.flyingmonkeycomics.com/"
    }
  ],
  "oklahomaresources": [
    {
      "title": "Edmond Unplugged - Edmond, Oklahoma, USA (EN)",
      "url": "http://edmondunplugged.com/"
    }
  ],
  "pennsylvaniaresources": [
    {
      "title": "Sports Zone Toys and Comics - Sunbury, Pennsylvania, USA (EN)",
      "url": "https://sportszonetoyscomics.com/"
    },
    {
      "title": "Six Feet Under Games - New Holland, Pennsylvania, USA (EN)",
      "url": "https://www.sixfeetundergames.com/"
    },
    {
      "title": "Enter the Realm - Springfield, Pennsylvania, USA (EN)",
      "url": "https://www.etrminimen.com/"
    },
    {
      "title": "Lookin' For Games - Levittown, Pennsylvania, USA (EN)",
      "url": "https://www.lookinforgames.com/"
    },
    {
      "title": "Wade's Comic Madness - Levittown, Pennsylvania, USA (EN)",
      "url": "https://m.facebook.com/comicmadness/"
    }
  ],
  "tennesseeresources": [
    {
      "title": "War Room Hobbies - Cordova, Tennessee, USA (EN)",
      "url": "https://www.warroomhobbies.com/index.html"
    },
    {
      "title": "The Warp - Powell, Tennessee, USA (EN)",
      "url": "https://www.facebook.com/thewarpknoxville"
    }
  ],
  "texasresources": [
    {
      "title": "Arrowstar Games - Stephenville, Texas, USA (EN)",
      "url": "http://arrowstargames.tcgplayerpro.com/"
    },
    {
      "title": "Stormcrow Games - Lubbock, Texas, USA (EN)",
      "url": "https://www.stormcrow-games.com/"
    },
    {
      "title": "LionHeart Hobby - Kyle, Texas, USA (EN)",
      "url": "https://lionhearthobby.com/"
    }
  ],
  "utahresources": [
      {
      "title": "M R S Hobby Shop - Sandy, Utah, USA (EN)",
      "url": "https://www.mrshobby.com/"
    },
     {
      "title": "Game Haven STG - St. George, Utah, USA (EN)",
      "url": "http://www.yourgamehaven.com/locations/saint-george-utah/"
    }
  ],
  "virginiaresources": [
    {
      "title": "Game Garrison - Fredericksburg, Virginia, USA (EN)",
      "url": "https://www.facebook.com/GameGarrison/"
    }
  ],
  "washingtonresources": [
   {
      "title": "Nomad Games and Hobbies - Lynnwood, Washington, USA (EN)",
      "url": "https://www.facebook.com/NomadGamesandHobbies/"
    },
    {
      "title": "Wishes Toys Books and Games - Everett, Washington, USA (EN)",
      "url": "https://www.wishestoysbooksgames.com/"
    }
  ],
  "wisconsinresources": [
    {
      "title": "Noble Knight Games - Fitchburg, Wisconsin, USA (EN)",
      "url": "https://www.nobleknight.com/"
    },
    {
      "title": "Odin Games and Hobby - Schofield, Wisconsin, USA (EN)",
      "url": "https://www.odingamesandhobby.com/"
    }
  ],
  "spainresources": [
    {
      "title": "La Escotilla Juegos - Murcia, Spain (ES)",
      "url": "https://www.laescotillajuegos.com/collections/conquest-en-stock"
    }
  ],
  "canewbrunswickresources": [
{
      "title": "Carl G Wargaming - Oromocto, New Brunswick, Canada (EN)",
      "url": "https://www.facebook.com/Carl-G-Wargaming-315357566010998/"
    }
  ],
  "canovascotiaresources": [
{
      "title": "Maritime Hobbies & Crafts Ltd - Halifax, Nova Scotia, Canada (EN)",
      "url": "https://maritimehobbies.ca/"
    }
  ],
  "caontarioresources": [
    {
      "title": "Torchlight Games and Hobbies - Burlington, Ontario, Canada (EN)",
      "url": "https://torchlightgh.com/"
    },
    {
      "title": "Tistaminis - Hamilton, Ontario, Canada (EN)",
      "url": "https://tistaminis.com/"
    },
    {
      "title": "Black Knight Games - Hamilton, Ontario, Canada (EN)",
      "url": "https://blackknightgames.ca/"
    },
    {
      "title": "Meeplemart - Toronto, Ontario, Canada (EN)",
      "url": "https://www.meeplemart.com/"
    },
    {
      "title": "Lightspeed Global - Toronto, Ontario, Canada (EN)",
      "url": "https://www.lsghobby.com/product/new/0"
    },
    {
      "title": "The Hobby Centre - Ottawa, Ontario, Canada (EN)",
      "url": "https://www.hobcen.com/"
    }
  ],
  "guatemalaresources": [
 {
      "title": "Duende Tacaño - Guatemala City, Guatemala (ES)",
      "url": "https://www.facebook.com/duendeusurero/"
    }
  ]
}
